Phase,ID,Time_uS,Delta_uS,SCH_Deg_s_X,SCH_Deg_s_Y,SCH_Deg_s_Z,SCH_m_s2_X,SCH_m_s2_Y,SCH_m_s2_Z,ADXL_m_s2_X,ADXL_m_s2_Y,ADXL_m_s2_Z,BNO_m_s2_X,BNO_m_s2_Y,BNO_m_s2_Z,BNO_Deg_s_X,BNO_Deg_s_Y,BNO_Deg_s_Z,BNO_Mag_X,BNO_Mag_Y,BNO_Mag_Z
1,S,4938241,0,0.800,0.480,2.400,-10.057,-0.347,0.458,,,,,,,,,,,,
1,A,4942390,4149,,,,,,,10.747,-0.398,0.730,,,,,,,,,
1,B,4938587,346,,,,,,,,,,-10.348,-0.316,0.059,,,,,,
1,S,4938587,0,0.800,0.480,2.400,-10.047,-0.338,0.468,,,,,,,,,,,,
1,A,4943387,997,,,,,,,10.736,-0.420,0.744,,,,,,,,,
2,S,4944680,8801,0.800,0.480,3.040,-9.867,-0.193,0.542,,,,,,,,,,,,
2,A,4947384,3997,,,,,,,10.586,-0.370,0.744,,,,,,,,,
2,B,4948065,9478,,,,,,,,,,,,,,,,74.562,-55.688,9.688
2,S,4948065,677,2.400,1.120,2.720,-9.852,-0.188,0.547,,,,,,,,,,,,
2,A,4949367,1983,,,,,,,10.521,-0.365,0.772,,,,,,,,,
2,B,4950096,2031,,,,,,,,,,-10.203,-0.199,0.105,,,,,,
2,S,4950096,2031,2.400,0.800,2.400,-9.797,-0.168,0.562,,,,,,,,,,,,
2,A,4952384,3017,,,,,,,10.433,-0.356,0.779,,,,,,,,,
2,B,4952805,2709,,,,,,,,,,-9.969,-0.098,0.164,,,,,,
2,S,4952805,2709,2.400,0.160,2.080,-9.707,-0.147,0.583,,,,,,,,,,,,
2,A,4954351,1967,,,,,,,10.387,-0.369,0.795,,,,,,,,,
2,B,4955512,2707,,,,,,,,,,,,,,,,71.500,-55.312,12.250
2,S,4955512,2707,2.080,-0.480,2.080,-9.613,-0.133,0.598,,,,,,,,,,,,
2,A,4960332,5981,,,,,,,10.414,-0.402,0.857,,,,,,,,,
2,B,4961606,6094,,,,,,,,,,-9.824,-0.098,0.219,,,,,,
2,S,4961606,6094,1.440,-0.160,2.400,-9.492,-0.128,0.618,,,,,,,,,,,,
2,A,4963322,1994,,,,,,,10.479,-0.421,0.863,,,,,,,,,
2,B,4964313,2707,,,,,,,,,,-9.938,-0.184,0.270,,,,,,
2,S,4964313,2707,0.480,-0.160,2.080,-9.502,-0.142,0.642,,,,,,,,,,,,
2,A,4969302,5980,,,,,,,10.586,-0.499,0.928,,,,,,,,,
2,B,4970406,6093,,,,,,,,,,-10.098,-0.289,0.355,,,,,,
2,S,4970406,6093,0.800,0.160,1.760,-9.613,-0.212,0.693,,,,,,,,,,,,
2,A,4978273,8971,,,,,,,10.765,-0.548,0.934,,,,,,,,,
2,S,4978531,8125,1.120,0.800,1.760,-9.768,-0.292,0.733,,,,,,,,,,,,
2,A,4980267,1994,,,,,,,10.783,-0.557,0.933,,,,,,,,,
2,B,4981238,10832,,,,,,,,,,,,,,,,72.125,-57.188,11.750
3,S,4981238,2707,0.160,1.120,1.760,-9.822,-0.297,0.743,,,,,,,,,,,,
3,A,4983257,2990,,,,,,,10.866,-0.532,0.896,,,,,,,,,
3,B,4983947,2709,,,,,,,,,,-10.270,-0.289,0.324,,,,,,
3,S,4983947,2709,0.800,1.120,1.760,-9.893,-0.302,0.738,,,,,,,,,,,,
3,A,4985250,1993,,,,,,,10.889,-0.512,0.839,,,,,,,,,
3,S,4985978,2031,1.440,1.440,1.760,-9.943,-0.302,0.723,,,,,,,,,,,,
3,A,4991238,5988,,,,,,,11.032,-0.492,0.726,,,,,,,,,
3,B,4991394,7447,,,,,,,,,,,,,-0.224,0.112,0.000,,,
3,S,4991394,5416,1.120,2.400,1.440,-10.053,-0.278,0.647,,,,,,,,,,,,
3,A,4993224,1986,,,,,,,11.049,-0.470,0.685,,,,,,,,,
3,B,4994101,2707,,,,,,,,,,,,,,,,72.188,-57.688,12.750
3,S,4994101,2707,0.800,2.400,1.440,-10.098,-0.253,0.598,,,,,,,,,,,,
3,A,4996215,2991,,,,,,,11.055,-0.494,0.600,,,,,,,,,
3,B,4997487,3386,,,,,,,,,,-10.391,-0.230,0.211,,,,,,
3,S,4997487,3386,1.120,1.760,2.080,-10.152,-0.237,0.522,,,,,,,,,,,,
3,A,5006182,9967,,,,,,,10.978,-0.594,0.447,,,,,,,,,
3,B,5006966,9479,,,,,,,,,,,,,-0.336,0.336,-0.112,,,
3,S,5006966,9479,1.120,3.360,1.760,-10.162,-0.302,0.323,,,,,,,,,,,,
3,A,5008175,1993,,,,,,,10.966,-0.621,0.445,,,,,,,,,
3,B,5008319,1353,,,,,,,,,,,,,-0.224,0.671,-0.448,,,
3,S,5008319,1353,1.120,3.360,1.760,-10.148,-0.318,0.302,,,,,,,,,,,,
3,A,5012162,3987,,,,,,,10.941,-0.705,0.443,,,,,,,,,
3,B,5013058,4739,,,,,,,,,,-10.438,-0.324,-0.113,,,,,,
3,S,5013058,4739,1.440,2.080,0.800,-10.107,-0.367,0.273,,,,,,,,,,,,
3,A,5014156,1994,,,,,,,10.934,-0.750,0.456,,,,,,,,,
3,B,5015089,2031,,,,,,,,,,,,,-0.112,0.783,-0.671,,,
3,S,5015089,2031,1.120,1.440,0.480,-10.098,-0.403,0.273,,,,,,,,,,,,
3,A,5019139,4983,,,,,,,10.886,-0.826,0.507,,,,,,,,,
3,B,5019809,4720,,,,,,,,,,-10.410,-0.430,-0.133,,,,,,
3,S,5019809,4720,0.800,0.800,0.800,-10.078,-0.487,0.282,,,,,,,,,,,,
3,A,5022130,2991,,,,,,,10.839,-0.870,0.557,,,,,,,,,
3,B,5022536,2727,,,,,,,,,,,,,,,,71.000,-55.500,13.625
3,S,5022536,2727,0.800,1.440,1.120,-10.057,-0.562,0.307,,,,,,,,,,,,
3,A,5024123,1993,,,,,,,10.791,-0.876,0.549,,,,,,,,,
3,B,5025244,2708,,,,,,,,,,-10.359,-0.594,-0.059,,,,,,
3,S,5025244,2708,1.440,1.760,1.440,-10.033,-0.613,0.338,,,,,,,,,,,,
3,A,5028110,3987,,,,,,,10.674,-0.886,0.583,,,,,,,,,
3,B,5029306,4062,,,,,,,,,,,,,,,,70.438,-57.688,14.625
3,S,5029306,4062,1.760,1.440,1.760,-9.967,-0.657,0.372,,,,,,,,,,,,
3,A,5031100,2990,,,,,,,10.599,-0.879,0.653,,,,,,,,,
3,B,5032014,2708,,,,,,,,,,,,,0.000,0.671,-0.671,,,
3,S,5032014,2708,1.760,1.120,2.400,-9.893,-0.672,0.398,,,,,,,,,,,,
3,A,5034090,2990,,,,,,,10.525,-0.830,0.645,,,,,,,,,
3,B,5034723,2709,,,,,,,,,,-10.219,-0.660,0.008,,,,,,
3,S,5034723,2709,1.760,0.800,2.720,-9.803,-0.657,0.422,,,,,,,,,,,,
3,A,5038077,3987,,,,,,,10.452,-0.740,0.657,,,,,,,,,
3,B,5039461,4738,,,,,,,,,,,,,,,,69.562,-56.750,13.938
3,S,5039461,4738,1.120,0.480,2.720,-9.672,-0.593,0.458,,,,,,,,,,,,
3,A,5041068,2991,,,,,,,10.370,-0.677,0.685,,,,,,,,,
3,B,5041493,2032,,,,,,,,,,,,,0.112,0.224,-0.224,,,
3,S,5041493,2032,0.480,0.160,2.720,-9.627,-0.552,0.472,,,,,,,,,,,,
3,A,5043061,1993,,,,,,,10.377,-0.610,0.670,,,,,,,,,
3,B,5044200,2707,,,,,,,,,,-10.020,-0.586,0.039,,,,,,
3,S,5044200,2707,1.120,-0.160,3.040,-9.572,-0.497,0.482,,,,,,,,,,,,
3,A,5047048,3987,,,,,,,10.363,-0.503,0.669,,,,,,,,,
3,B,5048262,4062,,,,,,,,,,,,,,,,70.750,-57.312,14.438
3,S,5048262,4062,1.440,0.160,3.360,-9.502,-0.388,0.492,,,,,,,,,,,,
3,A,5050038,2990,,,,,,,10.348,-0.422,0.678,,,,,,,,,
3,B,5050293,2031,,,,,,,,,,,,,0.000,-0.224,0.336,,,
3,S,5050293,2031,1.440,0.480,3.680,-9.477,-0.323,0.487,,,,,,,,,,,,
3,A,5052032,1994,,,,,,,10.355,-0.389,0.704,,,,,,,,,
3,B,5053001,2708,,,,,,,,,,-9.855,-0.395,0.078,,,,,,
3,S,5053001,5417,1.120,0.800,4.000,-9.463,-0.163,0.492,,,,,,,,,,,,
3,A,5055022,2990,,,,,,,10.381,-0.323,0.685,,,,,,,,,
3,B,5056387,3386,,,,,,,,,,,,,,,,70.250,-56.438,13.625
3,S,5056387,677,0.800,0.480,4.000,-9.463,-0.147,0.497,,,,,,,,,,,,
3,A,5058013,2991,,,,,,,10.452,-0.256,0.717,,,,,,,,,
3,B,5058418,2031,,,,,,,,,,,,,0.000,-0.560,0.895,,,
3,S,5058418,2031,0.800,0.480,3.680,-9.477,-0.102,0.507,,,,,,,,,,,,
3,A,5061003,2990,,,,,,,10.513,-0.225,0.715,,,,,,,,,
3,B,5061803,3385,,,,,,,,,,-9.809,-0.125,0.066,,,,,,
3,S,5061803,3385,0.480,0.160,2.720,-9.512,-0.043,0.517,,,,,,,,,,,,
3,A,5063994,2991,,,,,,,10.632,-0.251,0.734,,,,,,,,,
3,B,5065187,3384,,,,,,,,,,,,,,,,70.562,-57.625,14.312
3,S,5065187,5416,0.800,0.160,2.080,-9.643,0.022,0.522,,,,,,,,,,,,
3,A,5066985,2991,,,,,,,10.731,-0.273,0.768,,,,,,,,,
3,B,5067896,2709,,,,,,,,,,,,,-0.112,-0.671,1.007,,,
3,S,5067896,677,0.800,0.160,2.080,-9.668,0.022,0.522,,,,,,,,,,,,
3,A,5069975,2990,,,,,,,10.761,-0.294,0.833,,,,,,,,,
3,B,5071281,3385,,,,,,,,,,-9.879,0.008,0.105,,,,,,
3,S,5071281,3385,0.800,-0.160,2.400,-9.797,-0.013,0.542,,,,,,,,,,,,
3,A,5073962,3987,,,,,,,10.785,-0.311,0.812,,,,,,,,,
3,B,5073988,2707,,,,,,,,,,,,,,,,70.500,-57.188,13.562
3,S,5073988,2707,1.120,-0.160,2.400,-9.873,-0.033,0.583,,,,,,,,,,,,
3,A,5075955,1993,,,,,,,10.809,-0.347,0.854,,,,,,,,,
3,B,5076697,2709,,,,,,,,,,,,,-0.112,-0.671,0.560,,,
3,S,5076697,2709,0.800,-0.160,2.080,-9.898,-0.043,0.623,,,,,,,,,,,,
3,A,5079942,3987,,,,,,,10.914,-0.487,0.916,,,,,,,,,
3,B,5081436,4739,,,,,,,,,,-10.117,0.039,0.125,,,,,,
3,S,5081436,4739,0.480,0.480,0.480,-9.918,-0.102,0.677,,,,,,,,,,,,
3,A,5082933,2991,,,,,,,11.032,-0.517,0.886,,,,,,,,,
3,B,5083467,2031,,,,,,,,,,,,,,,,68.812,-55.625,15.188
3,S,5083467,2031,0.480,0.800,0.480,-9.957,-0.168,0.688,,,,,,,,,,,,
3,A,5084926,1993,,,,,,,11.094,-0.561,0.869,,,,,,,,,
3,B,5086175,2708,,,,,,,,,,,,,-0.112,-0.448,-0.112,,,
3,S,5086175,2708,0.480,1.120,0.480,-10.053,-0.258,0.698,,,,,,,,,,,,
3,A,5089910,4984,,,,,,,11.149,-0.683,0.844,,,,,,,,,
3,B,5090237,4062,,,,,,,,,,-10.438,-0.258,0.289,,,,,,
3,S,5090237,4062,0.800,1.120,0.800,-10.217,-0.333,0.682,,,,,,,,,,,,
3,A,5092900,2990,,,,,,,11.138,-0.724,0.804,,,,,,,,,
3,B,5093623,3386,,,,,,,,,,,,,,,,69.938,-57.375,14.250
3,S,5093623,3386,1.120,1.120,1.120,-10.297,-0.383,0.647,,,,,,,,,,,,
3,A,5095919,3019,,,,,,,11.104,-0.767,0.773,,,,,,,,,
3,B,5096330,2707,,,,,,,,,,-10.617,-0.422,0.250,,,,,,
3,S,5096330,2707,0.800,1.760,1.120,-10.307,-0.443,0.627,,,,,,,,,,,,
3,A,5098881,2962,,,,,,,11.095,-0.802,0.727,,,,,,,,,
3,B,5099716,3386,,,,,,,,,,,,,0.000,-0.112,-0.671,,,
3,S,5099716,3386,0.480,2.080,1.440,-10.287,-0.512,0.598,,,,,,,,,,,,
3,A,5100874,1993,,,,,,,11.100,-0.807,0.682,,,,,,,,,
3,B,5102423,2707,,,,,,,,,,,,,,,,70.062,-57.188,14.625
3,S,5102423,2707,0.480,2.080,1.760,-10.258,-0.552,0.562,,,,,,,,,,,,
3,A,5104861,3987,,,,,,,11.088,-0.817,0.666,,,,,,,,,
3,B,5105809,3386,,,,,,,,,,-10.570,-0.527,0.152,,,,,,
3,S,5105809,3386,0.480,2.080,1.760,-10.242,-0.578,0.507,,,,,,,,,,,,
3,A,5107851,2990,,,,,,,11.042,-0.809,0.651,,,,,,,,,
3,B,5108517,2708,,,,,,,,,,,,,0.000,0.448,-0.783,,,
3,S,5108517,2708,0.480,2.080,1.760,-10.242,-0.583,0.472,,,,,,,,,,,,
3,A,5110842,2991,,,,,,,10.970,-0.782,0.597,,,,,,,,,
3,B,5111224,2707,,,,,,,,,,-10.582,-0.566,0.039,,,,,,
3,S,5111224,2707,1.120,2.080,2.080,-10.238,-0.583,0.443,,,,,,,,,,,,
3,A,5113832,2990,,,,,,,10.901,-0.754,0.574,,,,,,,,,
3,B,5114610,3386,,,,,,,,,,,,,,,,69.812,-56.438,14.000
3,S,5114610,3386,1.440,2.080,2.400,-10.182,-0.583,0.412,,,,,,,,,,,,
3,A,5116822,2990,,,,,,,10.846,-0.727,0.568,,,,,,,,,
3,B,5117318,2708,,,,,,,,,,,,,0.000,0.671,-0.560,,,
3,S,5117318,2708,2.080,2.400,2.080,-10.113,-0.568,0.393,,,,,,,,,,,,
3,A,5120810,3988,,,,,,,10.745,-0.675,0.578,,,,,,,,,
3,B,5121380,4062,,,,,,,,,,,,,,,,70.750,-57.312,14.438
3,S,5121380,4062,2.080,1.760,2.080,-9.998,-0.512,0.367,,,,,,,,,,,,
3,A,5122803,1993,,,,,,,10.723,-0.657,0.558,,,,,,,,,
3,B,5124087,2707,,,,,,,,,,-10.441,-0.535,0.020,,,,,,
3,S,5124087,2707,1.760,0.800,2.080,-9.928,-0.463,0.372,,,,,,,,,,,,
3,A,5125793,2990,,,,,,,10.619,-0.623,0.552,,,,,,,,,
3,B,5126796,2709,,,,,,,,,,-10.234,-0.430,-0.027,,,,,,
3,S,5126796,2709,1.120,0.480,2.400,-9.867,-0.417,0.388,,,,,,,,,,,,
3,A,5128783,2990,,,,,,,10.516,-0.597,0.617,,,,,,,,,
3,B,5130161,3365,,,,,,,,,,,,,0.000,0.783,-0.112,,,
3,S,5130161,3365,0.800,0.800,2.080,-9.807,-0.393,0.398,,,,,,,,,,,,
3,A,5131774,2991,,,,,,,10.435,-0.568,0.614,,,,,,,,,
3,B,5132212,2051,,,,,,,,,,,,,,,,69.938,-56.312,14.375
3,S,5132212,2051,1.120,0.800,2.080,-9.723,-0.378,0.398,,,,,,,,,,,,
3,A,5134764,2990,,,,,,,10.361,-0.505,0.587,,,,,,,,,
3,B,5135597,3385,,,,,,,,,,-10.023,-0.316,-0.008,,,,,,
3,S,5135597,3385,1.120,0.800,1.440,-9.607,-0.338,0.403,,,,,,,,,,,,
3,A,5137754,2990,,,,,,,10.280,-0.473,0.594,,,,,,,,,
3,B,5138981,3384,,,,,,,,,,,,,0.000,0.560,0.224,,,
3,S,5138981,3384,0.480,0.800,1.760,-9.512,-0.292,0.407,,,,,,,,,,,,
3,A,5140744,2990,,,,,,,10.199,-0.447,0.597,,,,,,,,,
3,B,5141690,2709,,,,,,,,,,,,,,,,70.438,-58.312,15.000
3,S,5141690,2709,0.160,0.800,2.400,-9.443,-0.258,0.412,,,,,,,,,,,,
3,A,5143734,2990,,,,,,,10.124,-0.451,0.615,,,,,,,,,
3,B,5145075,3385,,,,,,,,,,-9.797,-0.238,0.020,,,,,,
3,S,5145075,3385,0.800,0.160,2.720,-9.348,-0.217,0.422,,,,,,,,,,,,
3,A,5146725,2991,,,,,,,10.126,-0.457,0.594,,,,,,,,,
3,B,5147106,2031,,,,,,,,,,,,,0.112,0.112,0.448,,,
3,S,5147106,2031,1.440,0.160,2.720,-9.297,-0.207,0.422,,,,,,,,,,,,
3,A,5150712,3987,,,,,,,10.235,-0.464,0.636,,,,,,,,,
3,B,5151846,4740,,,,,,,,,,,,,,,,70.750,-57.312,14.438
3,S,5151846,4740,1.120,0.480,2.400,-9.238,-0.198,0.422,,,,,,,,,,,,
3,A,5153702,2990,,,,,,,10.374,-0.509,0.678,,,,,,,,,
3,B,5153877,2031,,,,,,,,,,-9.629,-0.172,0.020,,,,,,
3,S,5153877,2031,0.160,0.800,2.080,-9.268,-0.203,0.427,,,,,,,,,,,,
3,A,5155695,1993,,,,,,,10.493,-0.511,0.672,,,,,,,,,
3,B,5156585,2708,,,,,,,,,,,,,0.224,-0.224,0.336,,,
3,S,5156585,2708,0.480,1.120,2.080,-9.367,-0.228,0.453,,,,,,,,,,,,
3,A,5160679,4984,,,,,,,10.700,-0.575,0.722,,,,,,,,,
3,B,5161323,4738,,,,,,,,,,-9.754,-0.199,0.047,,,,,,
3,S,5161323,4738,1.440,0.480,2.720,-9.623,-0.278,0.497,,,,,,,,,,,,
3,A,5162673,1994,,,,,,,10.744,-0.581,0.741,,,,,,,,,
3,B,5163354,2031,,,,,,,,,,-10.145,-0.270,0.105,,,,,,
3,S,5163354,2031,1.120,0.480,2.720,-9.723,-0.307,0.502,,,,,,,,,,,,
3,A,5165663,2990,,,,,,,10.826,-0.584,0.740,,,,,,,,,
3,B,5166740,3386,,,,,,,,,,,,,,,,70.125,-56.625,14.188
3,S,5166740,3386,0.800,0.160,2.400,-9.857,-0.343,0.507,,,,,,,,,,,,
3,A,5168653,2990,,,,,,,10.892,-0.574,0.744,,,,,,,,,
3,B,5169448,2708,,,,,,,,,,,,,0.224,-0.560,0.112,,,
3,S,5169448,2708,0.800,-0.160,1.760,-9.943,-0.357,0.522,,,,,,,,,,,,
3,A,5171644,2991,,,,,,,10.938,-0.569,0.789,,,,,,,,,
3,B,5172833,3385,,,,,,,,,,,,,,,,69.438,-55.375,14.250
3,S,5172833,3385,0.800,-0.160,2.080,-10.018,-0.352,0.557,,,,,,,,,,,,
3,A,5175634,3990,,,,,,,11.036,-0.552,0.796,,,,,,,,,
3,B,5176218,3385,,,,,,,,,,-10.383,-0.344,0.164,,,,,,
3,S,5176218,3385,1.120,0.160,2.400,-10.078,-0.333,0.583,,,,,,,,,,,,
3,A,5178621,2987,,,,,,,11.105,-0.491,0.802,,,,,,,,,
3,B,5179603,3385,,,,,,,,,,,,,0.000,-0.671,0.112,,,
3,S,5179603,6093,1.120,0.480,2.400,-10.203,-0.292,0.613,,,,,,,,,,,,
3,A,5181611,2990,,,,,,,11.157,-0.441,0.833,,,,,,,,,
3,B,5182987,3384,,,,,,,,,,-10.520,-0.305,0.199,,,,,,
3,S,5182987,676,0.480,0.480,2.400,-10.217,-0.282,0.613,,,,,,,,,,,,
3,A,5185598,3987,,,,,,,11.173,-0.383,0.796,,,,,,,,,
3,B,5186373,3386,,,,,,,,,,,,,,,,70.938,-57.188,14.125
3,S,5186373,3386,0.480,0.800,2.720,-10.283,-0.237,0.618,,,,,,,,,,,,
3,A,5187591,1993,,,,,,,11.146,-0.369,0.788,,,,,,,,,
3,B,5188404,2031,,,,,,,,,,,,,-0.112,-0.560,0.224,,,
3,S,5188404,2031,0.480,1.120,2.400,-10.303,-0.203,0.618,,,,,,,,,,,,
3,A,5190582,3987,,,,,,,11.139,-0.348,0.698,,,,,,,,,
3,B,5191790,3386,,,,,,,,,,-10.617,-0.152,0.191,,,,,,
3,S,5191790,3386,0.800,1.120,1.760,-10.293,-0.142,0.598,,,,,,,,,,,,
3,A,5194569,2991,,,,,,,11.045,-0.367,0.744,,,,,,,,,
3,B,5195174,3384,,,,,,,,,,,,,,,,71.125,-58.875,15.250
3,S,5195174,3384,1.440,1.120,1.760,-10.273,-0.098,0.578,,,,,,,,,,,,
3,A,5196562,1993,,,,,,,11.023,-0.375,0.757,,,,,,,,,
3,B,5197883,2709,,,,,,,,,,,,,-0.224,-0.336,0.224,,,
3,S,5197883,2709,1.760,1.440,2.400,-10.227,-0.092,0.573,,,,,,,,,,,,
3,A,5200549,3987,,,,,,,10.922,-0.428,0.755,,,,,,,,,
3,B,5201267,3384,,,,,,,,,,-10.578,-0.047,0.145,,,,,,
3,S,5201267,3384,1.440,2.080,2.080,-10.152,-0.122,0.573,,,,,,,,,,,,
3,A,5203539,2990,,,,,,,10.850,-0.490,0.721,,,,,,,,,
3,B,5204645,3378,,,,,,,,,,,,,,,,69.875,-56.938,14.125
3,S,5204645,3378,1.120,1.760,1.120,-10.072,-0.168,0.557,,,,,,,,,,,,
3,A,5206530,2991,,,,,,,10.791,-0.565,0.752,,,,,,,,,
3,B,5206684,2039,,,,,,,,,,,,,-0.112,0.112,-0.112,,,
3,S,5206684,2039,0.800,1.760,0.800,-10.023,-0.203,0.552,,,,,,,,,,,,
3,A,5210517,3987,,,,,,,10.768,-0.659,0.752,,,,,,,,,
3,B,5211422,4738,,,,,,,,,,-10.430,-0.133,0.145,,,,,,
3,S,5211422,4738,0.480,1.760,0.480,-9.922,-0.312,0.547,,,,,,,,,,,,
3,A,5212510,1993,,,,,,,10.760,-0.717,0.751,,,,,,,,,
3,B,5213454,2032,,,,,,,,,,,,,,,,69.875,-56.938,14.125
3,S,5213454,2032,-0.160,2.080,0.800,-9.902,-0.362,0.557,,,,,,,,,,,,
3,A,5215500,2990,,,,,,,10.764,-0.799,0.760,,,,,,,,,
3,B,5216161,2707,,,,,,,,,,-10.270,-0.277,0.152,,,,,,
3,S,5216161,2707,0.160,2.400,1.120,-9.898,-0.432,0.562,,,,,,,,,,,,
3,A,5218490,2990,,,,,,,10.752,-0.850,0.752,,,,,,,,,
3,B,5219547,3386,,,,,,,,,,,,,0.000,0.560,-0.560,,,
3,S,5219547,3386,0.480,2.400,1.440,-9.918,-0.522,0.573,,,,,,,,,,,,
3,A,5221481,2991,,,,,,,10.739,-0.855,0.720,,,,,,,,,
3,B,5222254,2707,,,,,,,,,,-10.258,-0.508,0.172,,,,,,
3,S,5222254,2707,1.120,1.760,1.440,-9.928,-0.578,0.568,,,,,,,,,,,,
3,A,5224471,2990,,,,,,,10.690,-0.887,0.652,,,,,,,,,
3,B,5225626,3372,,,,,,,,,,,,,,,,69.500,-56.875,14.188
3,S,5225626,3372,1.440,1.440,1.120,-9.908,-0.627,0.547,,,,,,,,,,,,
3,A,5227461,2990,,,,,,,10.608,-0.854,0.637,,,,,,,,,
3,B,5229024,3398,,,,,,,,,,,,,0.112,0.783,-0.671,,,
3,S,5229024,3398,1.440,2.080,1.440,-9.852,-0.652,0.507,,,,,,,,,,,,
3,A,5230451,2990,,,,,,,10.531,-0.811,0.587,,,,,,,,,
3,B,5231055,2031,,,,,,,,,,-10.223,-0.621,0.113,,,,,,
3,S,5231055,2031,1.120,2.720,1.760,-9.807,-0.642,0.477,,,,,,,,,,,,
3,A,5233442,2991,,,,,,,10.464,-0.760,0.516,,,,,,,,,
3,B,5234441,3386,,,,,,,,,,,,,,,,70.125,-56.625,14.188
3,S,5234441,3386,0.800,2.720,2.400,-9.723,-0.593,0.412,,,,,,,,,,,,
3,A,5236432,2990,,,,,,,10.414,-0.695,0.494,,,,,,,,,
3,B,5237149,2708,,,,,,,,,,-10.055,-0.602,0.008,,,,,,
3,S,5237149,2708,0.800,1.760,2.720,-9.652,-0.547,0.367,,,,,,,,,,,,
3,A,5239422,2990,,,,,,,10.324,-0.619,0.495,,,,,,,,,
3,B,5240518,3369,,,,,,,,,,,,,0.112,0.783,-0.336,,,
3,S,5240518,3369,0.800,1.120,2.720,-9.568,-0.487,0.328,,,,,,,,,,,,
3,A,5242413,2991,,,,,,,10.338,-0.550,0.483,,,,,,,,,
3,B,5243242,2724,,,,,,,,,,,,,,,,70.875,-56.750,14.000
3,S,5243242,2724,0.800,0.800,3.040,-9.512,-0.427,0.312,,,,,,,,,,,,
3,A,5245403,2990,,,,,,,10.342,-0.492,0.503,,,,,,,,,
3,B,5245951,2709,,,,,,,,,,-9.852,-0.402,-0.047,,,,,,
3,S,5245951,2709,0.800,0.480,3.360,-9.467,-0.357,0.307,,,,,,,,,,,,
3,A,5248393,2990,,,,,,,10.378,-0.440,0.469,,,,,,,,,
3,B,5249335,3384,,,,,,,,,,,,,0.224,0.560,0.112,,,
3,S,5249335,3384,0.800,0.480,3.680,-9.443,-0.273,0.297,,,,,,,,,,,,
3,A,5252380,3987,,,,,,,10.477,-0.385,0.532,,,,,,,,,
3,B,5252721,3386,,,,,,,,,,-9.809,-0.230,-0.105,,,,,,
3,S,5252721,3386,0.480,0.480,3.040,-9.463,-0.217,0.302,,,,,,,,,,,,
3,A,5255370,2990,,,,,,,10.485,-0.340,0.551,,,,,,,,,
3,B,5256105,3384,,,,,,,,,,,,,,,,71.625,-57.312,14.000
3,S,5256105,3384,0.160,0.160,2.400,-9.527,-0.172,0.328,,,,,,,,,,,,
3,A,5258361,2991,,,,,,,10.573,-0.353,0.555,,,,,,,,,
3,B,5258814,2709,,,,,,,,,,,,,0.000,0.000,0.560,,,
3,S,5258814,2709,0.800,0.160,2.400,-9.578,-0.133,0.347,,,,,,,,,,,,
3,A,5261351,2990,,,,,,,10.655,-0.388,0.635,,,,,,,,,
3,B,5262198,3384,,,,,,,,,,-9.926,-0.098,-0.059,,,,,,
3,S,5262198,3384,1.120,-0.480,2.400,-9.637,-0.102,0.388,,,,,,,,,,,,
3,A,5264341,2990,,,,,,,10.656,-0.415,0.727,,,,,,,,,
3,B,5265552,3354,,,,,,,,,,,,,,,,70.688,-57.500,14.062
3,S,5265552,3354,1.440,-0.160,2.080,-9.707,-0.133,0.438,,,,,,,,,,,,
3,A,5267332,2991,,,,,,,10.634,-0.399,0.746,,,,,,,,,
3,B,5267615,2063,,,,,,,,,,,,,-0.112,-0.560,0.560,,,
3,S,5267615,2063,1.760,0.480,2.080,-9.738,-0.158,0.477,,,,,,,,,,,,
3,A,5270322,2990,,,,,,,10.643,-0.444,0.795,,,,,,,,,
3,B,5270999,3384,,,,,,,,,,-10.047,-0.086,0.020,,,,,,
3,S,5270999,3384,1.760,0.800,2.080,-9.762,-0.172,0.542,,,,,,,,,,,,
3,A,5273312,2990,,,,,,,10.730,-0.516,0.869,,,,,,,,,
3,B,5274385,3386,,,,,,,,,,,,,,,,70.812,-56.312,13.938
3,S,5274385,3386,1.440,0.160,2.080,-9.758,-0.182,0.598,,,,,,,,,,,,
3,A,5276302,2990,,,,,,,10.859,-0.550,0.900,,,,,,,,,
3,B,5277092,2707,,,,,,,,,,,,,-0.112,-0.895,0.112,,,
3,S,5277092,2707,0.800,-0.160,2.080,-9.777,-0.212,0.642,,,,,,,,,,,,
3,A,5280289,3987,,,,,,,11.030,-0.587,0.867,,,,,,,,,
3,B,5281155,4063,,,,,,,,,,-10.105,-0.152,0.184,,,,,,
3,S,5281155,4063,0.800,0.160,1.760,-9.928,-0.287,0.688,,,,,,,,,,,,
3,A,5283279,2990,,,,,,,11.101,-0.661,0.912,,,,,,,,,
3,B,5283864,2709,,,,,,,,,,,,,,,,70.812,-56.312,13.938
3,S,5283864,2709,0.480,0.160,1.440,-10.068,-0.323,0.698,,,,,,,,,,,,
3,A,5285273,1994,,,,,,,11.140,-0.703,0.894,,,,,,,,,
3,B,5286571,2707,,,,,,,,,,-10.320,-0.316,0.305,,,,,,
3,S,5286571,2707,0.160,0.800,1.440,-10.188,-0.357,0.693,,,,,,,,,,,,
3,A,5289260,3987,,,,,,,11.161,-0.748,0.864,,,,,,,,,
3,B,5289957,3386,,,,,,,,,,,,,-0.112,-0.783,-0.224,,,
3,S,5289957,3386,0.160,1.440,1.440,-10.277,-0.422,0.672,,,,,,,,,,,,
3,A,5291253,1993,,,,,,,11.157,-0.750,0.826,,,,,,,,,
3,B,5291987,2030,,,,,,,,,,-10.602,-0.395,0.305,,,,,,
3,S,5291987,2030,0.160,1.440,1.440,-10.307,-0.458,0.662,,,,,,,,,,,,
3,A,5295241,3988,,,,,,,11.244,-0.769,0.762,,,,,,,,,
3,B,5295372,3385,,,,,,,,,,,,,,,,69.312,-56.062,14.250
3,S,5295372,3385,0.160,0.800,1.440,-10.342,-0.507,0.632,,,,,,,,,,,,
3,A,5298231,2990,,,,,,,11.276,-0.766,0.693,,,,,,,,,
3,B,5298758,3386,,,,,,,,,,,,,-0.112,-0.336,-0.448,,,
3,S,5298758,3386,0.160,0.480,1.440,-10.373,-0.537,0.588,,,,,,,,,,,,
3,A,5300224,1993,,,,,,,11.298,-0.733,0.679,,,,,,,,,
3,B,5301465,2707,,,,,,,,,,-10.684,-0.508,0.219,,,,,,
3,S,5301465,2707,0.480,1.120,1.760,-10.402,-0.537,0.537,,,,,,,,,,,,
3,A,5304211,3987,,,,,,,11.238,-0.717,0.618,,,,,,,,,
3,B,5304851,3386,,,,,,,,,,,,,,,,70.625,-57.062,13.938
3,S,5304851,3386,0.800,1.440,2.080,-10.432,-0.512,0.482,,,,,,,,,,,,
3,A,5306205,1994,,,,,,,11.211,-0.721,0.620,,,,,,,,,
3,B,5307559,2708,,,,,,,,,,-10.766,-0.488,0.086,,,,,,
3,S,5307559,2708,1.120,1.440,2.400,-10.422,-0.492,0.458,,,,,,,,,,,,
3,A,5310192,3987,,,,,,,11.087,-0.705,0.625,,,,,,,,,
3,B,5310944,3385,,,,,,,,,,,,,-0.112,0.336,-0.336,,,
3,S,5310944,3385,1.440,2.080,2.400,-10.373,-0.487,0.438,,,,,,,,,,,,
3,A,5312185,1993,,,,,,,11.003,-0.694,0.620,,,,,,,,,
3,B,5312975,2031,,,,,,,,,,,,,,,,69.500,-55.750,14.375
3,S,5312975,2031,1.120,2.720,2.720,-10.318,-0.492,0.427,,,,,,,,,,,,
3,A,5315176,2991,,,,,,,10.918,-0.652,0.620,,,,,,,,,
3,B,5316360,3385,,,,,,,,,,-10.660,-0.496,0.047,,,,,,
3,S,5316360,3385,0.800,3.040,2.720,-10.197,-0.472,0.412,,,,,,,,,,,,
3,A,5319163,3987,,,,,,,10.782,-0.607,0.627,,,,,,,,,
3,B,5319745,3385,,,,,,,,,,,,,-0.112,0.671,0.000,,,
3,S,5319745,3385,0.800,2.400,2.720,-10.072,-0.417,0.417,,,,,,,,,,,,
3,A,5322153,2990,,,,,,,10.668,-0.536,0.642,,,,,,,,,
3,B,5323129,3384,,,,,,,,,,-10.387,-0.402,0.020,,,,,,
3,S,5323129,3384,0.800,1.440,2.720,-9.967,-0.367,0.438,,,,,,,,,,,,
3,A,5326140,3987,,,,,,,10.519,-0.490,0.652,,,,,,,,,
3,B,5326515,3386,,,,,,,,,,,,,,,,69.875,-56.938,14.125
3,S,5326515,3386,1.120,0.800,2.400,-9.852,-0.328,0.453,,,,,,,,,,,,
3,A,5328134,1994,,,,,,,10.423,-0.452,0.617,,,,,,,,,
3,B,5329223,2708,,,,,,,,,,,,,-0.112,0.671,0.224,,,
3,S,5329223,2708,1.440,0.480,2.400,-9.748,-0.292,0.458,,,,,,,,,,,,
3,A,5331124,2990,,,,,,,10.296,-0.405,0.605,,,,,,,,,
3,B,5332608,3385,,,,,,,,,,-10.102,-0.297,0.059,,,,,,
3,S,5332608,3385,1.440,1.120,2.720,-9.598,-0.237,0.448,,,,,,,,,,,,
3,A,5335111,3987,,,,,,,10.039,-0.384,0.636,,,,,,,,,
3,B,5335974,3366,,,,,,,,,,,,,,,,71.312,-57.250,13.062
3,S,5335974,3366,1.120,1.760,2.720,-9.467,-0.188,0.438,,,,,,,,,,,,
3,A,5337104,1993,,,,,,,9.905,-0.365,0.636,,,,,,,,,
3,B,5338024,2050,,,,,,,,,,,,,-0.112,0.448,0.448,,,
3,S,5338024,2050,1.440,1.760,2.400,-9.312,-0.147,0.432,,,,,,,,,,,,
3,A,5341091,3987,,,,,,,9.708,-0.364,0.623,,,,,,,,,
3,B,5341409,3385,,,,,,,,,,-9.754,-0.152,0.047,,,,,,
3,S,5341409,3385,1.760,0.480,2.400,-9.088,-0.122,0.453,,,,,,,,,,,,
3,A,5344082,2991,,,,,,,9.699,-0.405,0.680,,,,,,,,,
3,B,5344795,3386,,,,,,,,,,,,,,,,70.188,-58.125,14.812
3,S,5344795,3386,2.080,-0.160,2.080,-8.877,-0.128,0.487,,,,,,,,,,,,
3,A,5346075,1993,,,,,,,9.801,-0.431,0.726,,,,,,,,,
3,B,5347502,2707,,,,,,,,,,-9.305,-0.059,0.066,,,,,,
3,S,5347502,2707,1.440,-0.160,1.760,-8.787,-0.142,0.512,,,,,,,,,,,,
3,A,5350062,3987,,,,,,,10.186,-0.535,0.789,,,,,,,,,
3,B,5350888,3386,,,,,,,,,,,,,0.000,0.112,0.224,,,
3,S,5350888,3386,0.800,-0.160,1.120,-8.863,-0.182,0.537,,,,,,,,,,,,
3,A,5353052,2990,,,,,,,10.547,-0.585,0.785,,,,,,,,,
3,B,5354272,3384,,,,,,,,,,-9.328,-0.184,0.133,,,,,,
3,S,5354272,3384,0.480,0.480,1.440,-9.152,-0.253,0.562,,,,,,,,,,,,
3,A,5356042,2990,,,,,,,10.771,-0.648,0.796,,,,,,,,,
3,B,5357658,3386,,,,,,,,,,,,,,,,69.375,-56.438,15.062
3,S,5357658,3386,0.800,1.120,2.080,-9.557,-0.328,0.588,,,,,,,,,,,,
3,A,5360029,3987,,,,,,,10.973,-0.646,0.791,,,,,,,,,
3,B,5360366,2708,,,,,,,,,,,,,0.112,-0.224,0.000,,,
3,S,5360366,2708,0.800,1.120,2.080,-9.852,-0.383,0.598,,,,,,,,,,,,
3,A,5362023,1994,,,,,,,11.006,-0.656,0.775,,,,,,,,,
3,B,5363073,2707,,,,,,,,,,-10.121,-0.375,0.219,,,,,,
3,S,5363073,2707,0.800,0.480,1.760,-10.047,-0.417,0.603,,,,,,,,,,,,
3,A,5366010,3987,,,,,,,11.029,-0.636,0.758,,,,,,,,,
3,B,5366459,3386,,,,,,,,,,,,,,,,69.438,-55.000,14.188
3,S,5366459,3386,0.800,-0.480,2.080,-10.152,-0.432,0.588,,,,,,,,,,,,
3,A,5369000,2990,,,,,,,11.035,-0.565,0.739,,,,,,,,,
3,B,5369844,3385,,,,,,,,,,,,,0.000,-0.448,0.000,,,
3,S,5369844,3385,1.120,-0.480,3.040,-10.178,-0.412,0.568,,,,,,,,,,,,
3,A,5371992,2992,,,,,,,11.127,-0.506,0.756,,,,,,,,,
3,B,5372552,2708,,,,,,,,,,-10.523,-0.422,0.199,,,,,,
3,S,5372552,2708,1.120,-0.480,2.720,-10.188,-0.372,0.557,,,,,,,,,,,,
3,A,5374982,2990,,,,,,,11.246,-0.438,0.726,,,,,,,,,
3,B,5375938,3386,,,,,,,,,,,,,,,,70.375,-56.812,14.375
3,S,5375938,3386,0.480,-0.160,2.080,-10.232,-0.302,0.552,,,,,,,,,,,,
3,A,5376975,1993,,,,,,,11.327,-0.386,0.727,,,,,,,,,
3,B,5377969,2031,,,,,,,,,,,,,-0.112,-0.560,0.112,,,
3,S,5377969,2031,0.160,-0.160,1.760,-10.287,-0.258,0.547,,,,,,,,,,,,
3,A,5380962,3987,,,,,,,11.387,-0.308,0.715,,,,,,,,,
3,B,5381353,3384,,,,,,,,,,-10.566,-0.305,0.113,,,,,,
3,S,5381353,3384,0.160,0.160,1.760,-10.412,-0.182,0.547,,,,,,,,,,,,
3,A,5383953,2991,,,,,,,11.341,-0.261,0.704,,,,,,,,,
3,B,5384739,3386,,,,,,,,,,,,,,,,70.188,-57.562,14.438
3,S,5384739,3386,0.160,0.160,2.080,-10.498,-0.102,0.527,,,,,,,,,,,,
3,A,5386967,3014,,,,,,,11.281,-0.241,0.636,,,,,,,,,
3,B,5387446,2707,,,,,,,,,,-10.777,-0.098,0.098,,,,,,
3,S,5387446,2707,0.160,0.480,2.400,-10.502,-0.052,0.507,,,,,,,,,,,,
3,A,5389933,2966,,,,,,,11.143,-0.245,0.649,,,,,,,,,
3,B,5390832,3386,,,,,,,,,,,,,-0.224,-0.448,0.224,,,
3,S,5390832,3386,0.480,1.120,2.720,-10.438,-0.003,0.482,,,,,,,,,,,,
3,A,5391926,1993,,,,,,,11.045,-0.279,0.636,,,,,,,,,
3,B,5393520,2688,,,,,,,,,,-10.766,0.047,0.078,,,,,,
3,S,5393520,2688,0.800,1.440,2.080,-10.373,0.013,0.468,,,,,,,,,,,,
3,A,5395913,3987,,,,,,,10.850,-0.367,0.659,,,,,,,,,
3,B,5396247,2727,,,,,,,,,,,,,,,,69.625,-58.750,14.938
3,S,5396247,2727,0.480,1.440,1.120,-10.227,-0.013,0.448,,,,,,,,,,,,
3,A,5397907,1994,,,,,,,10.797,-0.398,0.661,,,,,,,,,
3,B,5398956,2709,,,,,,,,,,,,,-0.224,0.000,0.000,,,
3,S,5398956,2709,0.160,1.760,0.800,-10.092,-0.062,0.443,,,,,,,,,,,,
3,A,5401894,3987,,,,,,,10.668,-0.539,0.706,,,,,,,,,
3,B,5402341,3385,,,,,,,,,,-10.430,-0.008,0.039,,,,,,
3,S,5402341,3385,0.160,1.760,0.800,-9.918,-0.158,0.463,,,,,,,,,,,,
3,A,5404884,2990,,,,,,,10.619,-0.695,0.726,,,,,,,,,
3,B,5405726,3385,,,,,,,,,,,,,,,,70.250,-55.938,13.500
3,S,5405726,3385,0.160,1.760,0.480,-9.773,-0.273,0.487,,,,,,,,,,,,
3,A,5407875,2991,,,,,,,10.666,-0.835,0.776,,,,,,,,,
3,B,5408434,2708,,,,,,,,,,,,,-0.112,0.224,-0.560,,,
3,S,5408434,2708,0.800,1.760,0.480,-9.727,-0.378,0.527,,,,,,,,,,,,
3,A,5410865,2990,,,,,,,10.725,-0.942,0.828,,,,,,,,,
3,B,5411819,3385,,,,,,,,,,-10.133,-0.277,0.105,,,,,,
3,S,5411819,3385,1.440,1.440,0.800,-9.762,-0.517,0.578,,,,,,,,,,,,
3,A,5413855,2990,,,,,,,10.762,-1.032,0.836,,,,,,,,,
3,B,5415204,3385,,,,,,,,,,,,,,,,70.938,-56.625,13.750
3,S,5415204,3385,1.760,1.760,1.120,-9.842,-0.657,0.627,,,,,,,,,,,,
3,A,5416845,2990,,,,,,,10.763,-1.084,0.790,,,,,,,,,
3,B,5417235,2031,,,,,,,,,,-10.160,-0.613,0.199,,,,,,
3,S,5417235,2031,1.120,1.760,1.120,-9.887,-0.733,0.642,,,,,,,,,,,,
3,A,5419835,2990,,,,,,,10.723,-1.104,0.805,,,,,,,,,
3,B,5420620,3385,,,,,,,,,,,,,0.000,0.560,-1.119,,,
3,S,5420620,3385,0.480,1.760,1.440,-9.938,-0.843,0.652,,,,,,,,,,,,
3,A,5422826,2991,,,,,,,10.688,-1.088,0.744,,,,,,,,,
3,B,5423328,2708,,,,,,,,,,-10.297,-0.844,0.258,,,,,,
3,S,5423328,2708,0.480,2.080,1.120,-9.953,-0.892,0.637,,,,,,,,,,,,
3,A,5425816,2990,,,,,,,10.642,-1.033,0.604,,,,,,,,,
3,B,5426714,3386,,,,,,,,,,,,,,,,70.312,-56.938,14.688
3,S,5426714,3386,0.480,2.080,1.440,-9.902,-0.892,0.583,,,,,,,,,,,,
3,A,5427809,1993,,,,,,,10.594,-0.951,0.571,,,,,,,,,
3,B,5428745,2031,,,,,,,,,,,,,0.112,0.783,-0.895,,,
3,S,5428745,2031,1.120,2.080,1.760,-9.848,-0.868,0.532,,,,,,,,,,,,
3,A,5431796,3987,,,,,,,10.530,-0.799,0.457,,,,,,,,,
3,B,5432129,3384,,,,,,,,,,-10.188,-0.793,0.113,,,,,,
3,S,5432129,3384,1.120,1.760,2.720,-9.752,-0.772,0.438,,,,,,,,,,,,
3,A,5434787,2991,,,,,,,10.452,-0.652,0.409,,,,,,,,,
3,B,5435515,3386,,,,,,,,,,,,,,,,70.625,-57.062,13.938
3,S,5435515,3386,0.800,1.440,3.360,-9.682,-0.652,0.333,,,,,,,,,,,,
3,A,5437777,2990,,,,,,,10.380,-0.531,0.338,,,,,,,,,
3,B,5438222,2707,,,,,,,,,,,,,0.000,0.783,-0.112,,,
3,S,5438222,2707,0.480,1.760,3.360,-9.623,-0.532,0.253,,,,,,,,,,,,
3,A,5440767,2990,,,,,,,10.287,-0.415,0.324,,,,,,,,,
3,B,5441608,3386,,,,,,,,,,-10.012,-0.516,-0.113,,,,,,
3,S,5441608,3386,0.480,1.440,3.360,-9.543,-0.378,0.188,,,,,,,,,,,,
3,A,5443758,2991,,,,,,,10.252,-0.330,0.322,,,,,,,,,
3,B,5444992,3384,,,,,,,,,,,,,,,,69.625,-58.750,14.938
3,S,5444992,3384,1.120,0.480,3.360,-9.447,-0.223,0.168,,,,,,,,,,,,
3,A,5446748,2990,,,,,,,10.267,-0.275,0.363,,,,,,,,,
3,B,5447691,2699,,,,,,,,,,-9.758,-0.172,-0.230,,,,,,
3,S,5447691,2699,1.120,0.160,3.360,-9.373,-0.122,0.168,,,,,,,,,,,,
3,A,5449738,2990,,,,,,,10.324,-0.268,0.424,,,,,,,,,
3,B,5451066,3375,,,,,,,,,,,,,0.000,0.448,0.560,,,
3,S,5451066,3375,0.480,-0.160,3.360,-9.332,-0.052,0.172,,,,,,,,,,,,
3,A,5452729,2991,,,,,,,10.414,-0.271,0.522,,,,,,,,,
3,B,5453117,2051,,,,,,,,,,,,,,,,71.688,-59.812,14.438
3,S,5453117,2051,-0.160,-0.160,3.360,-9.348,-0.013,0.203,,,,,,,,,,,,
3,A,5455719,2990,,,,,,,10.504,-0.335,0.610,,,,,,,,,
3,B,5456502,3385,,,,,,,,,,-9.750,0.027,-0.199,,,,,,
3,S,5456502,3385,-0.160,-0.160,3.040,-9.438,-0.007,0.278,,,,,,,,,,,,
3,A,5458709,2990,,,,,,,10.603,-0.425,0.687,,,,,,,,,
3,B,5459888,3386,,,,,,,,,,,,,-0.112,-0.336,0.895,,,
3,S,5459888,3386,0.480,-0.480,2.080,-9.562,-0.052,0.378,,,,,,,,,,,,
3,A,5461699,2990,,,,,,,10.703,-0.457,0.789,,,,,,,,,
3,B,5462579,2691,,,,,,,,,,-9.969,-0.066,0.000,,,,,,
3,S,5462579,2691,1.120,-0.800,1.760,-9.668,-0.117,0.463,,,,,,,,,,,,
3,A,5464690,2991,,,,,,,10.765,-0.520,0.852,,,,,,,,,
3,B,5465980,3401,,,,,,,,,,,,,,,,70.375,-57.875,14.250
3,S,5465980,3401,1.440,-0.800,1.120,-9.797,-0.193,0.568,,,,,,,,,,,,
3,A,5467680,2990,,,,,,,10.867,-0.587,0.926,,,,,,,,,
3,B,5468011,2031,,,,,,,,,,,,,-0.112,-1.119,0.560,,,
3,S,5468011,2031,1.440,-0.480,1.120,-9.863,-0.237,0.627,,,,,,,,,,,,
3,A,5470670,2990,,,,,,,10.928,-0.694,0.980,,,,,,,,,
3,B,5471396,3385,,,,,,,,,,-10.219,-0.238,0.219,,,,,,
3,S,5471396,3385,1.440,-0.480,1.440,-9.957,-0.312,0.693,,,,,,,,,,,,
3,A,5473661,2991,,,,,,,10.954,-0.701,0.989,,,,,,,,,
3,B,5474782,3386,,,,,,,,,,,,,,,,71.250,-56.812,13.938
3,S,5474782,3386,1.440,-0.160,1.440,-10.043,-0.403,0.743,,,,,,,,,,,,
3,A,5476651,2990,,,,,,,10.963,-0.692,1.014,,,,,,,,,
3,B,5477483,2701,,,,,,,,,,,,,-0.112,-1.343,0.112,,,
3,S,5477483,2701,1.440,-0.160,1.760,-10.088,-0.453,0.782,,,,,,,,,,,,
3,A,5480638,3987,,,,,,,10.999,-0.704,0.998,,,,,,,,,
3,B,5481552,4069,,,,,,,,,,-10.410,-0.430,0.402,,,,,,
3,S,5481552,4069,1.440,0.160,1.760,-10.123,-0.468,0.812,,,,,,,,,,,,
3,A,5483628,2990,,,,,,,11.046,-0.690,0.980,,,,,,,,,
3,B,5484259,2707,,,,,,,,,,-10.500,-0.441,0.430,,,,,,
3,S,5484259,2707,0.480,1.120,1.760,-10.143,-0.463,0.818,,,,,,,,,,,,
3,A,5486618,2990,,,,,,,11.115,-0.617,0.909,,,,,,,,,
3,B,5487645,3386,,,,,,,,,,,,,,,,71.000,-56.062,13.312
3,S,5487645,5417,0.160,1.760,2.720,-10.207,-0.432,0.772,,,,,,,,,,,,
3,A,5489609,2991,,,,,,,11.150,-0.560,0.870,,,,,,,,,
3,B,5490353,2708,,,,,,,,,,,,,-0.112,-0.895,-0.112,,,
3,S,5490353,677,1.440,2.080,2.720,-10.217,-0.422,0.757,,,,,,,,,,,,
3,A,5492599,2990,,,,,,,11.124,-0.531,0.806,,,,,,,,,
3,B,5493732,3379,,,,,,,,,,-10.598,-0.375,0.324,,,,,,
3,S,5493732,3379,1.440,1.440,2.720,-10.262,-0.352,0.682,,,,,,,,,,,,
3,A,5495589,2990,,,,,,,11.104,-0.477,0.733,,,,,,,,,
3,B,5496446,2714,,,,,,,,,,,,,,,,70.125,-56.625,13.312
3,S,5496446,2714,0.800,1.120,2.400,-10.287,-0.292,0.627,,,,,,,,,,,,
3,A,5498579,2990,,,,,,,11.075,-0.434,0.651,,,,,,,,,
3,B,5499154,2708,,,,,,,,,,,,,0.000,-0.224,-0.112,,,
3,S,5499154,2708,0.480,1.120,2.080,-10.287,-0.242,0.573,,,,,,,,,,,,
3,A,5501570,2991,,,,,,,11.057,-0.375,0.576,,,,,,,,,
3,B,5502539,3385,,,,,,,,,,-10.602,-0.211,0.152,,,,,,
3,S,5502539,3385,0.480,1.440,2.400,-10.242,-0.188,0.497,,,,,,,,,,,,
3,A,5505557,3987,,,,,,,11.025,-0.347,0.490,,,,,,,,,
3,B,5505925,3386,,,,,,,,,,,,,,,,69.438,-57.438,14.625
3,S,5505925,3386,0.800,2.080,2.400,-10.193,-0.142,0.412,,,,,,,,,,,,
3,A,5507550,1993,,,,,,,10.997,-0.390,0.493,,,,,,,,,
3,B,5508616,2691,,,,,,,,,,,,,0.000,0.448,0.112,,,
3,S,5508616,5415,0.800,1.760,1.440,-10.148,-0.128,0.318,,,,,,,,,,,,
3,A,5510541,2991,,,,,,,10.943,-0.415,0.486,,,,,,,,,
3,B,5512017,3401,,,,,,,,,,-10.520,-0.098,-0.039,,,,,,
3,S,5512017,677,-0.160,1.760,1.440,-10.143,-0.128,0.312,,,,,,,,,,,,
3,A,5514528,3987,,,,,,,10.885,-0.512,0.549,,,,,,,,,
3,B,5515403,3386,,,,,,,,,,,,,,,,70.000,-55.250,13.625
3,S,5515403,3386,-0.160,1.120,1.120,-10.098,-0.158,0.297,,,,,,,,,,,,
3,A,5516521,1993,,,,,,,10.824,-0.545,0.577,,,,,,,,,
3,B,5517434,2031,,,,,,,,,,,,,-0.112,0.671,0.000,,,
3,S,5517434,2031,0.160,1.120,1.440,-10.053,-0.193,0.312,,,,,,,,,,,,
3,A,5521519,4998,,,,,,,10.743,-0.636,0.639,,,,,,,,,
3,B,5522172,4738,,,,,,,,,,-10.410,-0.145,-0.098,,,,,,
3,S,5522172,4738,0.480,1.120,1.440,-9.957,-0.302,0.378,,,,,,,,,,,,
3,A,5524496,2977,,,,,,,10.716,-0.685,0.704,,,,,,,,,
3,B,5525558,3386,,,,,,,,,,,,,,,,70.125,-56.625,14.188
3,S,5525558,3386,0.480,1.440,1.440,-9.898,-0.378,0.432,,,,,,,,,,,,
3,A,5526489,1993,,,,,,,10.668,-0.687,0.730,,,,,,,,,
3,B,5527589,2031,,,,,,,,,,-10.273,-0.297,-0.008,,,,,,
3,S,5527589,2031,0.480,1.760,1.440,-9.863,-0.412,0.472,,,,,,,,,,,,
3,A,5530476,3987,,,,,,,10.531,-0.710,0.765,,,,,,,,,
3,B,5530975,3386,,,,,,,,,,,,,-0.112,0.560,-0.224,,,
3,S,5530975,3386,0.800,1.440,1.440,-9.818,-0.453,0.532,,,,,,,,,,,,
3,A,5532470,1994,,,,,,,10.479,-0.704,0.745,,,,,,,,,
3,B,5533682,2707,,,,,,,,,,-10.160,-0.441,0.145,,,,,,
3,S,5533682,2707,1.120,1.440,1.440,-9.773,-0.463,0.568,,,,,,,,,,,,
3,A,5536457,3987,,,,,,,10.316,-0.632,0.784,,,,,,,,,
3,B,5537067,3385,,,,,,,,,,,,,,,,69.688,-57.688,14.125
3,S,5537067,3385,0.800,1.440,1.760,-9.668,-0.458,0.583,,,,,,,,,,,,
3,A,5538451,1994,,,,,,,10.232,-0.615,0.750,,,,,,,,,
3,B,5539729,2662,,,,,,,,,,,,,-0.112,0.336,-0.224,,,
3,S,5539729,2662,0.800,1.440,2.400,-9.578,-0.443,0.583,,,,,,,,,,,,
3,A,5541441,2990,,,,,,,10.050,-0.617,0.715,,,,,,,,,
3,B,5542483,2754,,,,,,,,,,-9.941,-0.441,0.191,,,,,,
3,S,5542483,2754,1.120,1.120,2.400,-9.408,-0.407,0.583,,,,,,,,,,,,
3,A,5545428,3987,,,,,,,9.958,-0.555,0.680,,,,,,,,,
3,B,5545869,3386,,,,,,,,,,,,,,,,71.062,-56.500,13.438
3,S,5545869,3386,1.440,1.440,2.400,-9.232,-0.362,0.547,,,,,,,,,,,,
3,A,5547421,1993,,,,,,,9.957,-0.529,0.638,,,,,,,,,
3,B,5548577,2708,,,,,,,,,,,,,0.000,0.112,-0.112,,,
3,S,5548577,2708,1.440,1.760,2.400,-9.123,-0.328,0.507,,,,,,,,,,,,
3,A,5551408,3987,,,,,,,10.173,-0.507,0.619,,,,,,,,,
3,B,5551962,3385,,,,,,,,,,-9.562,-0.316,0.152,,,,,,
3,S,5551962,3385,1.760,1.440,2.080,-9.068,-0.292,0.463,,,,,,,,,,,,
3,A,5554399,2991,,,,,,,10.382,-0.518,0.584,,,,,,,,,
3,B,5555347,3385,,,,,,,,,,,,,,,,70.000,-56.750,14.500
3,S,5555347,3385,1.120,1.440,2.080,-9.168,-0.278,0.443,,,,,,,,,,,,
3,A,5557389,2990,,,,,,,10.588,-0.535,0.583,,,,,,,,,
3,B,5558054,2707,,,,,,,,,,,,,0.224,0.112,0.000,,,
3,S,5558054,2707,0.480,1.440,2.080,-9.348,-0.278,0.427,,,,,,,,,,,,
3,A,5561376,3987,,,,,,,10.769,-0.526,0.575,,,,,,,,,
3,B,5562116,4062,,,,,,,,,,-9.520,-0.258,0.047,,,,,,
3,S,5562116,4062,0.160,0.800,2.080,-9.672,-0.282,0.398,,,,,,,,,,,,
3,A,5564366,2990,,,,,,,10.815,-0.547,0.596,,,,,,,,,
3,B,5565474,3358,,,,,,,,,,,,,,,,71.812,-57.062,13.375
3,S,5565474,5417,0.800,0.160,2.720,-9.932,-0.297,0.388,,,,,,,,,,,,
3,A,5567357,2991,,,,,,,10.835,-0.552,0.656,,,,,,,,,
3,B,5568210,2736,,,,,,,,,,-10.023,-0.250,-0.008,,,,,,
3,S,5568210,677,2.080,-0.160,2.720,-9.947,-0.297,0.388,,,,,,,,,,,,
3,A,5570347,2990,,,,,,,10.857,-0.560,0.712,,,,,,,,,
3,B,5571595,3385,,,,,,,,,,,,,0.224,-0.112,0.112,,,
3,S,5571595,3385,1.760,0.480,2.400,-9.977,-0.312,0.432,,,,,,,,,,,,
3,A,5573337,2990,,,,,,,10.964,-0.552,0.764,,,,,,,,,
3,B,5573626,2031,,,,,,,,,,-10.332,-0.270,0.000,,,,,,
3,S,5573626,2031,1.120,0.480,2.400,-9.992,-0.318,0.472,,,,,,,,,,,,
3,A,5576328,2991,,,,,,,11.089,-0.561,0.839,,,,,,,,,
3,B,5577011,3385,,,,,,,,,,,,,,,,70.625,-54.562,12.625
3,S,5577011,3385,1.120,0.800,3.040,-10.037,-0.312,0.542,,,,,,,,,,,,
3,A,5578321,1993,,,,,,,11.198,-0.516,0.883,,,,,,,,,
3,B,5579720,2709,,,,,,,,,,,,,0.112,-0.560,0.224,,,
3,S,5579720,2709,1.440,0.800,3.040,-10.123,-0.302,0.598,,,,,,,,,,,,
3,A,5582308,3987,,,,,,,11.334,-0.501,0.903,,,,,,,,,
3,B,5583104,3384,,,,,,,,,,-10.438,-0.297,0.125,,,,,,
3,S,5583104,3384,1.120,0.800,2.720,-10.277,-0.282,0.662,,,,,,,,,,,,
3,A,5585299,2991,,,,,,,11.395,-0.490,0.922,,,,,,,,,
3,B,5586489,3385,,,,,,,,,,,,,,,,69.938,-56.812,13.812
3,S,5586489,3385,1.120,0.800,1.760,-10.428,-0.268,0.693,,,,,,,,,,,,
3,A,5588289,2990,,,,,,,11.355,-0.463,0.887,,,,,,,,,
3,B,5588521,2032,,,,,,,,,,,,,-0.112,-0.783,0.224,,,
3,S,5588521,2032,1.120,0.480,1.120,-10.488,-0.247,0.698,,,,,,,,,,,,
3,A,5591279,2990,,,,,,,11.269,-0.447,0.826,,,,,,,,,
3,B,5591906,3385,,,,,,,,,,-10.734,-0.258,0.289,,,,,,
3,S,5591906,3385,1.120,0.480,0.800,-10.518,-0.217,0.698,,,,,,,,,,,,
3,A,5594269,2990,,,,,,,11.146,-0.467,0.814,,,,,,,,,
3,B,5595291,3385,,,,,,,,,,,,,,,,69.750,-57.062,14.438
3,S,5595291,3385,0.800,0.800,1.120,-10.453,-0.203,0.667,,,,,,,,,,,,
3,A,5597260,2991,,,,,,,11.014,-0.455,0.757,,,,,,,,,
3,B,5597998,2707,,,,,,,,,,,,,-0.112,-0.560,0.112,,,
3,S,5597998,2707,0.480,1.440,1.120,-10.352,-0.207,0.637,,,,,,,,,,,,
3,A,5601247,3987,,,,,,,10.819,-0.514,0.714,,,,,,,,,
3,B,5602060,4062,,,,,,,,,,-10.820,-0.164,0.297,,,,,,
3,S,5602060,4062,0.480,2.080,1.120,-10.172,-0.228,0.588,,,,,,,,,,,,
3,A,5605234,3987,,,,,,,10.701,-0.584,0.707,,,,,,,,,
3,B,5605446,3386,,,,,,,,,,,,,,,,69.750,-57.062,14.438
3,S,5605446,3386,0.480,2.720,1.440,-9.992,-0.253,0.542,,,,,,,,,,,,
3,A,5607227,1993,,,,,,,10.691,-0.621,0.684,,,,,,,,,
3,B,5608154,2708,,,,,,,,,,,,,0.000,0.000,-0.224,,,
3,S,5608154,2708,0.800,2.400,1.440,-9.877,-0.287,0.512,,,,,,,,,,,,
3,A,5611214,3987,,,,,,,10.703,-0.729,0.680,,,,,,,,,
3,B,5612216,4062,,,,,,,,,,-10.195,-0.316,0.113,,,,,,
3,S,5612216,4062,0.800,1.760,1.120,-9.812,-0.378,0.492,,,,,,,,,,,,
3,A,5614205,2991,,,,,,,10.767,-0.832,0.700,,,,,,,,,
3,B,5614925,2709,,,,,,,,,,,,,,,,69.875,-54.875,12.875
3,S,5614925,2709,1.440,1.440,0.800,-9.828,-0.458,0.487,,,,,,,,,,,,
3,A,5617195,2990,,,,,,,10.814,-0.877,0.637,,,,,,,,,
3,B,5618309,3384,,,,,,,,,,,,,0.000,0.783,-0.671,,,
3,S,5618309,3384,1.760,1.760,0.800,-9.883,-0.547,0.482,,,,,,,,,,,,
3,A,5621182,3987,,,,,,,10.785,-0.921,0.591,,,,,,,,,
3,B,5621695,3386,,,,,,,,,,-10.223,-0.488,0.059,,,,,,
3,S,5621695,3386,1.440,1.760,0.800,-9.938,-0.632,0.472,,,,,,,,,,,,
3,A,5624172,2990,,,,,,,10.688,-0.901,0.567,,,,,,,,,
3,B,5625079,3384,,,,,,,,,,,,,,,,69.375,-56.562,14.375
3,S,5625079,3384,0.800,2.080,1.120,-9.943,-0.682,0.448,,,,,,,,,,,,
3,A,5626166,1994,,,,,,,10.616,-0.900,0.519,,,,,,,,,
3,B,5627788,2709,,,,,,,,,,,,,0.112,1.231,-0.783,,,
3,S,5627788,2709,0.480,2.080,2.080,-9.898,-0.688,0.403,,,,,,,,,,,,
3,A,5631150,3987,,,,,,,10.459,-0.821,0.419,,,,,,,,,
3,B,5631850,4062,,,,,,,,,,-10.309,-0.660,0.047,,,,,,
3,S,5631850,4062,0.480,2.080,2.400,-9.762,-0.657,0.318,,,,,,,,,,,,
3,A,5633143,1993,,,,,,,10.384,-0.778,0.374,,,,,,,,,
3,B,5634558,2708,,,,,,,,,,,,,,,,69.375,-56.562,14.375
3,S,5634558,2708,1.120,1.760,2.080,-9.658,-0.632,0.268,,,,,,,,,,,,
3,A,5636134,2991,,,,,,,10.323,-0.698,0.369,,,,,,,,,
3,B,5636589,2031,,,,,,,,,,-10.121,-0.633,-0.078,,,,,,
3,S,5636589,2031,0.800,1.440,2.080,-9.588,-0.598,0.237,,,,,,,,,,,,
3,A,5639124,2990,,,,,,,10.307,-0.644,0.369,,,,,,,,,
3,B,5639975,3386,,,,,,,,,,,,,0.224,1.119,-0.448,,,
3,S,5639975,3386,0.480,0.800,2.400,-9.508,-0.517,0.207,,,,,,,,,,,,
3,A,5642114,2990,,,,,,,10.284,-0.555,0.390,,,,,,,,,
3,B,5642682,2707,,,,,,,,,,-9.848,-0.480,-0.164,,,,,,
3,S,5642682,2707,0.800,1.120,3.040,-9.467,-0.443,0.188,,,,,,,,,,,,
3,A,5645105,2991,,,,,,,10.301,-0.486,0.396,,,,,,,,,
3,B,5646067,3385,,,,,,,,,,,,,,,,70.438,-56.250,14.000
3,S,5646067,3385,1.440,1.120,3.040,-9.432,-0.347,0.182,,,,,,,,,,,,
3,A,5648095,2990,,,,,,,10.314,-0.447,0.420,,,,,,,,,
3,B,5648776,2709,,,,,,,,,,,,,0.000,0.560,0.224,,,
3,S,5648776,2709,1.440,0.480,3.040,-9.412,-0.282,0.198,,,,,,,,,,,,
3,A,5651085,2990,,,,,,,10.348,-0.436,0.512,,,,,,,,,
3,B,5652141,3365,,,,,,,,,,-9.762,-0.250,-0.191,,,,,,
3,S,5652141,3365,1.120,-0.160,3.040,-9.418,-0.233,0.233,,,,,,,,,,,,
3,A,5654076,2991,,,,,,,10.390,-0.415,0.603,,,,,,,,,
3,B,5654869,2728,,,,,,,,,,,,,,,,70.500,-56.625,14.812
3,S,5654869,2728,0.800,-0.160,3.360,-9.438,-0.188,0.307,,,,,,,,,,,,
3,A,5657066,2990,,,,,,,10.448,-0.432,0.715,,,,,,,,,
3,B,5657577,2708,,,,,,,,,,-9.797,-0.125,-0.078,,,,,,
3,S,5657577,2708,1.120,-0.480,3.040,-9.463,-0.168,0.372,,,,,,,,,,,,
3,A,5660056,2990,,,,,,,10.534,-0.451,0.756,,,,,,,,,
3,B,5660962,3385,,,,,,,,,,,,,-0.112,-0.448,0.671,,,
3,S,5660962,3385,1.440,-1.440,2.720,-9.512,-0.163,0.448,,,,,,,,,,,,
3,A,5663047,2991,,,,,,,10.644,-0.436,0.821,,,,,,,,,
3,B,5663670,2708,,,,,,,,,,,,,,,,70.688,-57.500,14.062
3,S,5663670,2708,1.120,-1.440,2.720,-9.578,-0.172,0.517,,,,,,,,,,,,
3,A,5666037,2990,,,,,,,10.776,-0.447,0.900,,,,,,,,,
3,B,5667054,3384,,,,,,,,,,-9.965,-0.125,0.125,,,,,,
3,S,5667054,3384,0.480,-1.120,2.400,-9.693,-0.193,0.603,,,,,,,,,,,,
3,A,5669027,2990,,,,,,,10.872,-0.473,0.930,,,,,,,,,
3,B,5670440,3386,,,,,,,,,,,,,-0.112,-1.231,0.783,,,
3,S,5670440,3386,0.160,-0.480,2.400,-9.832,-0.203,0.677,,,,,,,,,,,,
3,A,5672018,2991,,,,,,,10.957,-0.493,0.971,,,,,,,,,
3,B,5672471,2031,,,,,,,,,,-10.203,-0.184,0.324,,,,,,
3,S,5672471,2031,1.120,-0.160,2.080,-9.922,-0.207,0.718,,,,,,,,,,,,
3,A,5675008,2990,,,,,,,11.032,-0.516,0.991,,,,,,,,,
3,B,5675857,3386,,,,,,,,,,,,,,,,70.625,-57.062,13.938
3,S,5675857,3386,1.440,0.160,2.400,-10.047,-0.217,0.762,,,,,,,,,,,,
3,A,5678000,2992,,,,,,,11.126,-0.539,0.999,,,,,,,,,
3,B,5678564,2707,,,,,,,,,,,,,-0.224,-1.455,0.560,,,
3,S,5678564,2707,1.440,-0.160,2.720,-10.133,-0.242,0.777,,,,,,,,,,,,
3,A,5680990,2990,,,,,,,11.179,-0.555,1.001,,,,,,,,,
3,B,5681950,3386,,,,,,,,,,-10.492,-0.230,0.422,,,,,,
3,S,5681950,3386,0.800,0.480,2.720,-10.223,-0.273,0.792,,,,,,,,,,,,
3,A,5683980,2990,,,,,,,11.218,-0.494,0.951,,,,,,,,,
3,B,5685334,3384,,,,,,,,,,,,,,,,70.250,-55.938,13.500
3,S,5685334,3384,1.120,0.800,2.720,-10.312,-0.292,0.792,,,,,,,,,,,,
3,A,5686971,2991,,,,,,,11.192,-0.486,0.928,,,,,,,,,
3,B,5687365,2031,,,,,,,,,,,,,-0.112,-1.119,0.224,,,
3,S,5687365,2031,1.440,0.800,2.400,-10.342,-0.287,0.777,,,,,,,,,,,,
3,A,5690958,3987,,,,,,,11.224,-0.483,0.886,,,,,,,,,
3,B,5692104,4739,,,,,,,,,,-10.699,-0.258,0.383,,,,,,
3,S,5692104,4739,1.440,0.480,1.760,-10.373,-0.247,0.728,,,,,,,,,,,,
3,A,5693948,2990,,,,,,,11.125,-0.458,0.890,,,,,,,,,
3,B,5694813,2709,,,,,,,,,,-10.703,-0.219,0.305,,,,,,
3,S,5694813,2709,0.160,0.480,1.760,-10.373,-0.247,0.698,,,,,,,,,,,,
3,A,5696938,2990,,,,,,,11.016,-0.364,0.828,,,,,,,,,
3,B,5698178,3365,,,,,,,,,,,,,,,,68.938,-55.062,13.875
3,S,5698178,3365,0.160,0.800,2.080,-10.342,-0.247,0.677,,,,,,,,,,,,
3,A,5699960,3022,,,,,,,10.930,-0.324,0.792,,,,,,,,,
3,B,5700229,2051,,,,,,,,,,,,,0.000,-0.448,0.112,,,
3,S,5700229,2051,1.120,1.120,2.080,-10.262,-0.207,0.657,,,,,,,,,,,,
3,A,5702919,2959,,,,,,,10.840,-0.348,0.809,,,,,,,,,
3,B,5703614,3385,,,,,,,,,,-10.477,-0.066,0.219,,,,,,
3,S,5703614,3385,1.440,1.760,1.760,-10.117,-0.117,0.637,,,,,,,,,,,,
3,A,5705909,2990,,,,,,,10.792,-0.364,0.796,,,,,,,,,
3,B,5706998,3384,,,,,,,,,,,,,,,,70.938,-56.625,13.750
3,S,5706998,3384,0.800,2.080,1.120,-9.977,-0.072,0.618,,,,,,,,,,,,
3,A,5708899,2990,,,,,,,10.793,-0.337,0.721,,,,,,,,,
3,B,5709707,2709,,,,,,,,,,,,,0.112,0.224,-0.112,,,
3,S,5709707,2709,0.480,1.760,0.800,-9.922,-0.077,0.598,,,,,,,,,,,,
3,A,5711889,2990,,,,,,,10.755,-0.355,0.708,,,,,,,,,
3,B,5713092,3385,,,,,,,,,,-10.270,-0.059,0.172,,,,,,
3,S,5713092,6094,0.800,1.760,1.440,-9.898,-0.113,0.532,,,,,,,,,,,,
3,A,5715876,3987,,,,,,,10.653,-0.454,0.679,,,,,,,,,
3,B,5716477,3385,,,,,,,,,,,,,,,,71.062,-57.062,14.500
3,S,5716477,676,0.480,2.080,1.760,-9.887,-0.117,0.527,,,,,,,,,,,,
3,A,5717870,1994,,,,,,,10.586,-0.464,0.623,,,,,,,,,
3,B,5718508,2031,,,,,,,,,,,,,0.112,0.671,-0.336,,,
3,S,5718508,2031,0.480,2.400,1.760,-9.863,-0.138,0.507,,,,,,,,,,,,
3,A,5720860,2990,,,,,,,10.532,-0.518,0.596,,,,,,,,,
3,B,5721894,3386,,,,,,,,,,-10.195,-0.098,0.086,,,,,,
3,S,5721894,3386,0.480,1.760,1.440,-9.773,-0.198,0.472,,,,,,,,,,,,
3,A,5724847,3987,,,,,,,10.489,-0.633,0.636,,,,,,,,,
3,B,5725278,3384,,,,,,,,,,,,,,,,70.250,-56.438,13.625
3,S,5725278,3384,0.480,1.440,0.800,-9.662,-0.263,0.432,,,,,,,,,,,,
3,A,5726841,1994,,,,,,,10.523,-0.713,0.646,,,,,,,,,
3,B,5727986,2708,,,,,,,,,,,,,0.000,0.895,-0.671,,,
3,S,5727986,2708,0.480,2.080,0.800,-9.602,-0.323,0.417,,,,,,,,,,,,
3,A,5731824,4983,,,,,,,10.642,-0.818,0.591,,,,,,,,,
3,B,5732048,4062,,,,,,,,,,-10.027,-0.238,0.027,,,,,,
3,S,5732048,4062,0.480,2.720,1.120,-9.623,-0.443,0.422,,,,,,,,,,,,
3,A,5733818,1994,,,,,,,10.680,-0.862,0.644,,,,,,,,,
3,B,5734757,2709,,,,,,,,,,-10.035,-0.527,0.047,,,,,,
3,S,5734757,2709,0.800,2.400,1.440,-9.693,-0.532,0.438,,,,,,,,,,,,
3,A,5736812,2994,,,,,,,10.718,-0.924,0.656,,,,,,,,,
3,B,5737465,2708,,,,,,,,,,,,,,,,70.250,-56.438,13.625
3,S,5737465,2708,1.120,1.760,1.120,-9.773,-0.613,0.448,,,,,,,,,,,,
3,A,5738801,1989,,,,,,,10.765,-0.909,0.612,,,,,,,,,
3,B,5739496,2031,,,,,,,,,,,,,-0.112,0.895,-0.895,,,
3,S,5739496,2031,1.120,1.760,0.800,-9.822,-0.657,0.453,,,,,,,,,,,,
3,A,5741792,2991,,,,,,,10.737,-0.957,0.584,,,,,,,,,
3,B,5742882,3386,,,,,,,,,,-10.207,-0.660,0.066,,,,,,
3,S,5742882,3386,0.800,1.760,1.120,-9.883,-0.703,0.453,,,,,,,,,,,,
3,A,5745779,3987,,,,,,,10.786,-0.898,0.529,,,,,,,,,
3,B,5746266,3384,,,,,,,,,,,,,,,,70.812,-57.312,14.438
3,S,5746266,3384,0.800,1.760,2.080,-9.912,-0.713,0.427,,,,,,,,,,,,
3,A,5747772,1993,,,,,,,10.787,-0.852,0.493,,,,,,,,,
3,B,5748975,2709,,,,,,,,,,,,,-0.224,0.783,-0.783,,,
3,S,5748975,2709,1.760,1.760,2.400,-9.918,-0.693,0.393,,,,,,,,,,,,
3,A,5751759,3987,,,,,,,10.664,-0.743,0.412,,,,,,,,,
3,B,5752359,3384,,,,,,,,,,-10.281,-0.672,0.008,,,,,,
3,S,5752359,3384,2.400,1.760,2.400,-9.918,-0.637,0.333,,,,,,,,,,,,
3,A,5754749,2990,,,,,,,10.498,-0.675,0.375,,,,,,,,,
3,B,5755745,3386,,,,,,,,,,,,,,,,70.375,-55.750,13.875
3,S,5755745,3386,2.080,1.760,2.400,-9.867,-0.557,0.263,,,,,,,,,,,,
3,A,5756743,2991,,,,,,,10.342,-0.607,0.346,,,,,,,,,
3,B,5757776,2031,,,,,,,,,,,,,-0.112,0.671,-0.336,,,
3,S,5757776,2031,1.440,1.760,2.400,-9.787,-0.497,0.228,,,,,,,,,,,,
3,A,5761727,3987,,,,,,,10.215,-0.549,0.343,,,,,,,,,
3,B,5762515,4739,,,,,,,,,,-10.133,-0.488,-0.113,,,,,,
3,S,5762515,4739,1.120,1.440,2.400,-9.502,-0.378,0.182,,,,,,,,,,,,
3,A,5763720,1993,,,,,,,10.269,-0.531,0.359,,,,,,,,,
3,B,5765222,2707,,,,,,,,,,-9.723,-0.324,-0.211,,,,,,
3,S,5765222,2707,0.480,0.800,3.040,-9.373,-0.328,0.168,,,,,,,,,,,,
3,A,5767707,3987,,,,,,,10.501,-0.542,0.473,,,,,,,,,
3,B,5767932,2710,,,,,,,,,,,,,,,,71.062,-57.000,13.562
3,S,5767932,2710,0.800,0.160,3.360,-9.342,-0.292,0.182,,,,,,,,,,,,
3,A,5770698,2991,,,,,,,10.672,-0.578,0.486,,,,,,,,,
3,B,5771316,3384,,,,,,,,,,,,,0.000,0.224,0.112,,,
3,S,5771316,3384,1.120,-0.160,3.040,-9.473,-0.287,0.223,,,,,,,,,,,,
3,A,5773688,2990,,,,,,,10.815,-0.603,0.565,,,,,,,,,
3,B,5774024,2708,,,,,,,,,,-9.945,-0.277,-0.125,,,,,,
3,S,5774024,2708,1.120,-0.480,2.080,-9.652,-0.307,0.268,,,,,,,,,,,,
3,A,5776678,2990,,,,,,,10.866,-0.652,0.655,,,,,,,,,
3,B,5777399,3375,,,,,,,,,,,,,,,,70.688,-56.938,13.625
3,S,5777399,3375,1.120,-1.120,1.760,-9.883,-0.347,0.338,,,,,,,,,,,,
3,A,5778672,1994,,,,,,,10.860,-0.680,0.730,,,,,,,,,
3,B,5780117,2718,,,,,,,,,,,,,0.112,-0.560,0.448,,,
3,S,5780117,2718,0.800,-1.440,2.080,-10.002,-0.383,0.407,,,,,,,,,,,,
3,A,5782659,3987,,,,,,,10.827,-0.687,0.851,,,,,,,,,
3,B,5783503,3386,,,,,,,,,,-10.348,-0.383,0.039,,,,,,
3,S,5783503,3386,0.480,-1.440,2.400,-10.037,-0.432,0.507,,,,,,,,,,,,
3,A,5785649,2990,,,,,,,10.843,-0.704,0.929,,,,,,,,,
3,B,5786888,3385,,,,,,,,,,,,,,,,69.688,-56.125,14.188
3,S,5786888,3385,0.800,-1.120,2.400,-10.002,-0.463,0.618,,,,,,,,,,,,
3,A,5788639,2990,,,,,,,10.939,-0.685,1.043,,,,,,,,,
3,B,5788919,2031,,,,,,,,,,,,,0.224,-1.231,0.560,,,
3,S,5788919,2031,0.800,-1.120,2.720,-9.992,-0.472,0.688,,,,,,,,,,,,
3,A,5791630,2991,,,,,,,10.987,-0.614,1.063,,,,,,,,,
3,B,5792286,3367,,,,,,,,,,-10.367,-0.422,0.270,,,,,,
3,S,5792286,3367,0.800,-0.800,3.360,-10.018,-0.463,0.782,,,,,,,,,,,,
3,A,5794620,2990,,,,,,,11.101,-0.566,1.159,,,,,,,,,
3,B,5795689,3403,,,,,,,,,,,,,,,,69.438,-57.000,14.500
3,S,5795689,3403,0.800,-0.480,3.360,-10.102,-0.403,0.853,,,,,,,,,,,,
3,A,5797610,2990,,,,,,,11.161,-0.490,1.145,,,,,,,,,
3,B,5798397,2708,,,,,,,,,,,,,0.000,-1.567,0.671,,,
3,S,5798397,2708,0.480,-0.160,3.040,-10.188,-0.338,0.902,,,,,,,,,,,,
3,A,5800600,2990,,,,,,,11.182,-0.395,1.126,,,,,,,,,
3,B,5801782,3385,,,,,,,,,,-10.480,-0.383,0.496,,,,,,
3,S,5801782,3385,0.480,0.480,3.360,-10.268,-0.263,0.938,,,,,,,,,,,,
3,A,5804588,3988,,,,,,,11.111,-0.264,1.014,,,,,,,,,
3,B,5805167,3385,,,,,,,,,,,,,,,,70.125,-57.125,14.312
3,S,5805167,3385,0.480,1.120,3.360,-10.287,-0.172,0.932,,,,,,,,,,,,
3,A,5806581,1993,,,,,,,11.046,-0.195,0.988,,,,,,,,,
3,B,5807181,2014,,,,,,,,,,,,,-0.112,-1.119,0.783,,,
3,S,5807181,2014,1.120,1.760,3.040,-10.273,-0.102,0.902,,,,,,,,,,,,
3,A,5810568,3987,,,,,,,10.895,-0.127,0.835,,,,,,,,,
3,B,5811938,4757,,,,,,,,,,-10.645,-0.172,0.574,,,,,,
3,S,5811938,4757,0.800,2.400,1.760,-10.162,0.068,0.782,,,,,,,,,,,,
3,A,5813558,2990,,,,,,,10.784,-0.124,0.751,,,,,,,,,
3,B,5813969,2031,,,,,,,,,,,,,,,,70.125,-57.125,14.312
3,S,5813969,2031,0.160,2.400,1.760,-10.092,0.107,0.718,,,,,,,,,,,,
3,A,5815552,1994,,,,,,,10.695,-0.126,0.696,,,,,,,,,
3,B,5816677,2708,,,,,,,,,,-10.488,0.098,0.375,,,,,,
3,S,5816677,2708,0.160,2.720,1.760,-9.977,0.138,0.627,,,,,,,,,,,,
3,A,5819539,3987,,,,,,,10.566,-0.192,0.613,,,,,,,,,
3,B,5820061,3384,,,,,,,,,,,,,-0.224,-0.112,0.560,,,
3,S,5820061,3384,1.120,3.360,1.760,-9.832,0.138,0.532,,,,,,,,,,,,
3,A,5821533,1994,,,,,,,10.573,-0.226,0.558,,,,,,,,,
3,B,5822770,2709,,,,,,,,,,-10.180,0.172,0.105,,,,,,
3,S,5822770,2709,2.080,3.680,1.440,-9.732,0.113,0.472,,,,,,,,,,,,
3,A,5825520,3987,,,,,,,10.575,-0.369,0.520,,,,,,,,,
3,B,5826154,3384,,,,,,,,,,,,,,,,70.875,-56.250,14.562
3,S,5826154,6093,1.760,3.360,0.800,-9.652,-0.043,0.362,,,,,,,,,,,,
3,A,5828510,2990,,,,,,,10.651,-0.548,0.549,,,,,,,,,
3,B,5829540,3386,,,,,,,,,,,,,-0.112,0.895,-0.224,,,
3,S,5829540,677,0.800,2.720,0.480,-9.662,-0.068,0.352,,,,,,,,,,,,
3,A,5830503,1993,,,,,,,10.718,-0.622,0.496,,,,,,,,,
3,B,5831571,2031,,,,,,,,,,-10.012,0.027,-0.039,,,,,,
3,S,5831571,2031,1.120,2.400,0.480,-9.703,-0.152,0.333,,,,,,,,,,,,
3,A,5834490,3987,,,,,,,10.759,-0.813,0.472,,,,,,,,,
3,B,5834957,3386,,,,,,,,,,,,,,,,70.250,-55.938,13.500
3,S,5834957,3386,1.760,2.080,-0.160,-9.807,-0.333,0.323,,,,,,,,,,,,
3,A,5836484,1994,,,,,,,10.773,-0.877,0.424,,,,,,,,,
3,B,5837664,2707,,,,,,,,,,-10.172,-0.316,-0.066,,,,,,
3,S,5837664,2707,1.760,2.080,-0.160,-9.883,-0.482,0.318,,,,,,,,,,,,
3,A,5840471,3987,,,,,,,10.705,-0.988,0.447,,,,,,,,,
3,B,5841049,3385,,,,,,,,,,,,,0.000,1.455,-1.231,,,
3,S,5841049,3385,1.440,2.080,0.480,-9.932,-0.637,0.297,,,,,,,,,,,,
3,A,5842465,1994,,,,,,,10.664,-1.042,0.457,,,,,,,,,
3,B,5843722,2673,,,,,,,,,,,,,,,,70.062,-55.625,13.688
3,S,5843722,2673,0.800,2.080,1.120,-9.928,-0.708,0.282,,,,,,,,,,,,
3,A,5845455,2990,,,,,,,10.590,-1.079,0.451,,,,,,,,,
3,B,5846466,2744,,,,,,,,,,-10.309,-0.691,-0.113,,,,,,
3,S,5846466,2744,0.800,1.760,1.440,-9.877,-0.797,0.268,,,,,,,,,,,,
3,A,5849442,3987,,,,,,,10.514,-1.059,0.457,,,,,,,,,
3,B,5849851,3385,,,,,,,,,,,,,0.000,1.343,-1.567,,,
3,S,5849851,3385,1.120,1.760,1.440,-9.787,-0.848,0.273,,,,,,,,,,,,
3,A,5852432,2990,,,,,,,10.540,-1.007,0.464,,,,,,,,,
3,B,5853215,3364,,,,,,,,,,-10.152,-0.824,-0.113,,,,,,
3,S,5853215,3364,1.120,1.120,2.400,-9.713,-0.853,0.273,,,,,,,,,,,,
3,A,5855422,3987,,,,,,,10.548,-0.920,0.532,,,,,,,,,
3,B,5856621,3406,,,,,,,,,,,,,,,,69.812,-57.500,14.500
3,S,5856621,3406,1.120,0.800,3.360,-9.697,-0.818,0.278,,,,,,,,,,,,
3,A,5858413,1994,,,,,,,10.599,-0.847,0.535,,,,,,,,,
3,B,5859329,2708,,,,,,,,,,,,,0.000,0.783,-0.895,,,
3,S,5859329,2708,1.440,0.480,3.680,-9.723,-0.757,0.307,,,,,,,,,,,,
3,A,5861403,2990,,,,,,,10.596,-0.737,0.576,,,,,,,,,
3,B,5862714,3385,,,,,,,,,,-10.102,-0.758,-0.086,,,,,,
3,S,5862714,3385,1.440,0.160,3.360,-9.752,-0.657,0.357,,,,,,,,,,,,
3,A,5865390,3987,,,,,,,10.573,-0.586,0.617,,,,,,,,,
3,B,5866099,3385,,,,,,,,,,,,,,,,70.875,-58.375,14.938
3,S,5866099,3385,1.120,0.160,3.360,-9.758,-0.537,0.403,,,,,,,,,,,,
3,A,5867384,1994,,,,,,,10.551,-0.518,0.672,,,,,,,,,
3,B,5868124,2025,,,,,,,,,,,,,0.000,-0.224,0.112,,,
3,S,5868124,2025,0.800,0.160,3.680,-9.752,-0.453,0.422,,,,,,,,,,,,
3,A,5871371,3987,,,,,,,10.534,-0.369,0.718,,,,,,,,,
3,B,5871515,3391,,,,,,,,,,-10.109,-0.516,0.008,,,,,,
3,S,5871515,3391,0.480,-0.160,4.000,-9.707,-0.302,0.458,,,,,,,,,,,,
3,A,5874361,2990,,,,,,,10.550,-0.274,0.743,,,,,,,,,
3,B,5874901,3386,,,,,,,,,,,,,,,,70.250,-56.438,14.562
3,S,5874901,3386,-0.160,-0.480,3.680,-9.652,-0.163,0.492,,,,,,,,,,,,
3,A,5876355,1994,,,,,,,10.575,-0.223,0.812,,,,,,,,,
3,B,5877609,2708,,,,,,,,,,-10.023,-0.125,0.105,,,,,,
3,S,5877609,2708,0.160,-0.480,3.360,-9.633,-0.062,0.532,,,,,,,,,,,,
3,A,5880342,3987,,,,,,,10.681,-0.154,0.843,,,,,,,,,
3,B,5880993,3384,,,,,,,,,,,,,-0.224,-1.119,1.231,,,
3,S,5880993,5408,0.480,0.160,2.720,-9.703,0.072,0.623,,,,,,,,,,,,
3,A,5882336,1994,,,,,,,10.752,-0.122,0.845,,,,,,,,,
3,B,5883695,2702,,,,,,,,,,-10.047,0.105,0.184,,,,,,
3,S,5883695,678,1.120,0.480,2.720,-9.717,0.083,0.632,,,,,,,,,,,,
3,A,5886348,4012,,,,,,,10.834,-0.143,0.903,,,,,,,,,
3,B,5887067,3372,,,,,,,,,,,,,,,,70.438,-56.750,13.500
3,S,5887067,3372,1.120,0.160,2.400,-9.793,0.117,0.667,,,,,,,,,,,,
3,A,5888317,1969,,,,,,,10.874,-0.177,0.915,,,,,,,,,
3,B,5889118,2051,,,,,,,,,,,,,-0.224,-1.455,1.455,,,
3,S,5889118,2051,1.440,0.480,2.400,-9.873,0.128,0.693,,,,,,,,,,,,
3,A,5891307,2990,,,,,,,10.902,-0.240,0.922,,,,,,,,,
3,B,5892503,3385,,,,,,,,,,-10.234,0.184,0.289,,,,,,
3,S,5892503,3385,1.440,1.120,2.400,-9.957,0.113,0.708,,,,,,,,,,,,
3,A,5895294,3987,,,,,,,10.966,-0.294,0.962,,,,,,,,,
3,B,5895889,3386,,,,,,,,,,,,,,,,70.875,-56.750,14.000
3,S,5895889,3386,1.440,1.120,1.760,-10.012,0.062,0.728,,,,,,,,,,,,
3,A,5897288,1994,,,,,,,10.990,-0.352,0.935,,,,,,,,,
3,B,5898579,2690,,,,,,,,,,,,,0.000,-1.231,0.895,,,
3,S,5898579,2690,1.120,0.480,1.440,-10.047,0.007,0.738,,,,,,,,,,,,
3,A,5902272,4984,,,,,,,11.101,-0.545,0.962,,,,,,,,,
3,B,5902659,4080,,,,,,,,,,-10.391,0.078,0.336,,,,,,
3,S,5902659,4080,1.120,0.480,0.800,-10.107,-0.092,0.748,,,,,,,,,,,,
3,A,5904265,1993,,,,,,,11.066,-0.581,0.961,,,,,,,,,
3,B,5905366,2707,,,,,,,,,,-10.516,-0.164,0.375,,,,,,
3,S,5905366,2707,1.440,1.120,0.480,-10.168,-0.177,0.757,,,,,,,,,,,,
3,A,5907256,3988,,,,,,,11.008,-0.588,0.948,,,,,,,,,
3,B,5908752,3386,,,,,,,,,,,,,,,,69.562,-58.875,15.188
3,S,5908752,3386,1.760,2.400,0.480,-10.217,-0.292,0.762,,,,,,,,,,,,
3,A,5911243,2990,,,,,,,10.969,-0.604,0.893,,,,,,,,,
3,B,5912136,3384,,,,,,,,,,,,,0.112,-0.560,0.000,,,
3,S,5912136,3384,1.760,3.040,0.800,-10.193,-0.352,0.743,,,,,,,,,,,,
3,A,5913237,1994,,,,,,,10.938,-0.643,0.884,,,,,,,,,
3,B,5914161,2025,,,,,,,,,,-10.520,-0.344,0.336,,,,,,
3,S,5914161,2025,1.440,3.040,1.120,-10.158,-0.362,0.718,,,,,,,,,,,,
3,A,5917224,3987,,,,,,,10.873,-0.649,0.822,,,,,,,,,
3,B,5917553,3392,,,,,,,,,,,,,,,,70.812,-56.312,13.938
3,S,5917553,3392,1.440,2.720,1.120,-10.107,-0.372,0.682,,,,,,,,,,,,
3,A,5919217,1993,,,,,,,10.862,-0.621,0.766,,,,,,,,,
3,B,5920261,2708,,,,,,,,,,,,,0.224,0.224,-0.671,,,
3,S,5920261,2708,1.440,2.400,0.800,-10.078,-0.403,0.657,,,,,,,,,,,,
3,A,5923204,3987,,,,,,,10.824,-0.578,0.656,,,,,,,,,
3,B,5923646,3385,,,,,,,,,,-10.402,-0.402,0.258,,,,,,
3,S,5923646,3385,1.120,2.400,0.800,-10.037,-0.412,0.603,,,,,,,,,,,,
3,A,5926195,2991,,,,,,,10.736,-0.623,0.616,,,,,,,,,
3,B,5927031,3385,,,,,,,,,,,,,,,,69.750,-57.625,14.812
3,S,5927031,3385,0.480,2.720,1.120,-9.988,-0.378,0.532,,,,,,,,,,,,
3,A,5928188,1993,,,,,,,10.680,-0.604,0.550,,,,,,,,,
3,B,5929720,2689,,,,,,,,,,,,,0.224,0.895,-0.895,,,
3,S,5929720,2689,0.800,2.400,1.440,-9.928,-0.362,0.468,,,,,,,,,,,,
3,A,5932175,3987,,,,,,,10.578,-0.592,0.459,,,,,,,,,
3,B,5932447,2727,,,,,,,,,,-10.320,-0.344,0.086,,,,,,
3,S,5932447,2727,0.800,2.080,1.440,-9.848,-0.357,0.393,,,,,,,,,,,,
3,A,5935165,2990,,,,,,,10.541,-0.619,0.443,,,,,,,,,
3,B,5935833,3386,,,,,,,,,,,,,,,,69.625,-56.688,14.562
3,S,5935833,3386,0.800,2.400,1.120,-9.748,-0.343,0.307,,,,,,,,,,,,
3,A,5938173,3008,,,,,,,10.540,-0.652,0.438,,,,,,,,,
3,B,5938541,2708,,,,,,,,,,,,,-0.112,1.231,-0.783,,,
3,S,5938541,2708,0.800,2.400,1.120,-9.682,-0.352,0.263,,,,,,,,,,,,
3,A,5941146,2973,,,,,,,10.569,-0.695,0.422,,,,,,,,,
3,B,5941926,3385,,,,,,,,,,-10.090,-0.324,-0.066,,,,,,
3,S,5941926,3385,1.440,1.760,0.800,-9.652,-0.393,0.247,,,,,,,,,,,,
3,A,5944136,2990,,,,,,,10.619,-0.745,0.454,,,,,,,,,
3,B,5945311,3385,,,,,,,,,,,,,,,,70.312,-56.938,14.688
3,S,5945311,3385,1.440,1.440,0.800,-9.682,-0.453,0.253,,,,,,,,,,,,
3,A,5947126,2990,,,,,,,10.686,-0.818,0.503,,,,,,,,,
3,B,5948018,2707,,,,,,,,,,,,,-0.224,1.007,-0.783,,,
3,S,5948018,2707,1.120,1.760,1.120,-9.738,-0.497,0.263,,,,,,,,,,,,
3,A,5951114,3988,,,,,,,10.716,-0.887,0.512,,,,,,,,,
3,B,5952081,4063,,,,,,,,,,-10.051,-0.430,-0.152,,,,,,
3,S,5952081,4063,0.480,1.760,1.440,-9.812,-0.573,0.297,,,,,,,,,,,,
3,A,5955072,3958,,,,,,,10.765,-0.935,0.588,,,,,,,,,
3,B,5955438,3357,,,,,,,,,,,,,,,,71.500,-58.062,14.000
3,S,5955438,3357,-0.160,1.120,1.760,-9.857,-0.637,0.338,,,,,,,,,,,,
3,A,5957094,2022,,,,,,,10.792,-0.921,0.600,,,,,,,,,
3,B,5958174,2736,,,,,,,,,,-10.156,-0.555,-0.078,,,,,,
3,S,5958174,5445,0.160,0.800,2.080,-9.912,-0.703,0.412,,,,,,,,,,,,
3,A,5960084,2990,,,,,,,10.788,-0.952,0.586,,,,,,,,,
3,B,5961560,3386,,,,,,,,,,,,,-0.336,0.671,-0.560,,,
3,S,5961560,677,0.800,1.120,2.080,-9.922,-0.708,0.417,,,,,,,,,,,,
3,A,5963075,2991,,,,,,,10.748,-0.926,0.577,,,,,,,,,
3,B,5963591,2031,,,,,,,,,,-10.258,-0.691,0.008,,,,,,
3,S,5963591,2031,0.800,1.440,2.080,-9.938,-0.708,0.438,,,,,,,,,,,,
3,A,5966065,2990,,,,,,,10.717,-0.898,0.573,,,,,,,,,
3,B,5966976,3385,,,,,,,,,,,,,,,,70.625,-56.000,13.438
